Artist, Song Name,Lyrics
Planetshakers,It's Your Love ,"From the start You loved me You saw who I could be So you gave Your life to save my soul  I don't know where I'd be If not for Your mercy All I know is You have won it all  Woah, Now I am forgiven Woah, Your grace has set me free Woah, Now I'm really living Woah  Your love is never giving up It's never giving up on me yeah Your grace came and made a way I'll never be the same forever It's Your love  Lord I want to thank You For all that I've been through ‘Cause now I see that You are in control  Woah, Now I am forgiven Woah, Your grace has set me free Woah, Now I'm really living Woah  Your love is never giving up It's never giving up on me yeah Your grace came and made a way I'll never be the same forever It's Your love  I can hear the sound of the broken chains Freedom is alive running through my veins Victory is mine over sin and shame I am free, I am free  I can hear the sound of the broken chains Freedom is alive running through my veins Victory is mine over sin and shame I am free, I am free  I can hear the sound of the broken chains Freedom is alive running through my veins Victory is mine over sin and shame I am free, I am free  Your love is never giving up It's never giving up on me yeah Your grace came and made a way I'll never be the same forever  Your love is never giving up It's never giving up on me yeah Your grace came and made a way I'll never be the same forever It's Your love"
Chris Tomlin,Praise Him Forever," Praise Him you stars above Galaxies all in motion Praise Him you thunderclouds Ringing throughout the Heavens From every mountaintop To every wild ocean Oh, hear all the universe sing praise   Oh, sing praise Let everything that breathes Let all the earth proclaim Great is the Lord our God Praise Him forever Let all that is within me Magnify His name Great is the Lord our God Praise Him forever Praise Him forever   Praise Him you beating hearts Sing for the life He's given Praise Him you rescued ones Join in the sound of Heaven From every mountaintop To every wild ocean Oh, hear all the universe sing praise   Oh, sing praise Let everything that breathes Let all the earth proclaim Great is the Lord our God Praise Him forever Let all that is within me Magnify His name Great is the Lord our God Praise Him forever   Hear the holy roar Hear this anthem rise In the house of God All creation cries Hear the holy roar Hear this anthem rise In the house of God All creation cries Hear the holy roar Hear this anthem rise In the house of God All creation cries Hear the holy roar Hear this anthem rise In the house of God All creation cries   Oh, sing praise Let everything that breathes Let all the earth proclaim Great is the Lord our God Praise Him forever Let all that is within me Magnify His name Great is the Lord our God Praise Him forever Praise Him forever Praise Him forever   Hear the holy roar Hear the holy roar Hear the holy roar Praise Him forever"
Leeland,Way Maker ," You are here, moving in our midst I worship You, I worship You You are here, working in this place I worship You, I worship You You are here, moving in our midst I worship You, I worship You You are here, working in this place I worship You, I worship You   You are Waymaker, miracle worker Promise keeper, light in the darkness My God, that is who You are You are Waymaker, miracle worker Promise keeper, light in the darkness My God, that is who You are   You are here, touching every heart I worship You, I worship You You are here, healing every heart I worship You, I worship You   You are here, turning lives around I worship You, I worship You You are here, mending every heart I worship You, yeah, I worship You, Lord   And You are Waymaker, miracle worker Promise keeper, light in the darkness My God, that is who You are Yeah, You are the waymaker Waymaker, miracle worker Promise keeper, light in the darkness My God, that is who You are Yeah, sing it again You are, yeah Waymaker, miracle worker Promise keeper, light in the darkness My God, that is who You are Oh, it's who You are, Jesus, yeah Waymaker, miracle worker Promise keeper, light in the darkness My God, that is who You are   Sing that is who You are Oh, that is who You are  Oh, and that is who You are  My Jesus, that is who You are  Oh, we lift You up, that is who You are  My Jesus   Waymaker, miracle worker Promise keeper, light in the darkness My God, that is who You are Yes it is, that is who You are Waymaker, miracle worker Promise keeper, light in the darkness My God, that is who You are   Let's sing this together, even when I don't see it Come on, even when Even when I don't see it, You're working Even when I don't feel it, You're working You never stop, You never stop working You never stop, You never stop working Come on And even when I don't see it, You're working Even when I don't feel it, You're working You never stop, You never stop working You never stop, You never stop working Oh-oh Even when I don't see it, You're working Even when I don't feel it, You're working You never stop, You never stop working You never stop, You never stop working Even when I don't see it, You're working Even when I don't feel it, You're working You never stop, You never stop working You never stop, You never stop working   You are the way maker, yeah Waymaker, miracle worker Promise keeper, light in the darkness My God, that is who You are Waymaker, miracle worker Promise keeper, light in the darkness My God, that is who You are   Sing that is who You are Oh, that is who You are  Oh, that is who You are  That is who You are  Oh, that is who You are  Oh, it's who You are, my Jesus   Waymaker, miracle worker Promise keeper, light in the darkness My God, that is who You are You are Waymaker, miracle worker Promise keeper, light in the darkness My God, that is who You are   Oh, His name is above His name is above depression His name is above loneliness Oh, His name is above disease His name is above cancer His name is above every other name   That is who You are  That is who You are  Jesus That is who You are  Oh, I know that is who You are "
Cory Asbury,Reckless Love," Before I spoke a word, You were singing over me You have been so, so good to me Before I took a breath, You breathed Your life in me You have been so, so kind to me   O, the overwhelming, never-ending, reckless love of God O, it chases me down, fights 'til I'm found, leaves the ninety-nine I couldn't earn it, and I don't deserve it, still, You give Yourself away O, the overwhelming, never-ending, reckless love of God, yeah   When I was Your foe, still Your love fought for me You have been so, so good to me When I felt no worth, You paid it all for me You have been so, so kind to me   O, the overwhelming, never-ending, reckless love of God O, it chases me down, fights 'til I'm found, leaves the ninety-nine I couldn't earn it, and I don't deserve it, still, You give Yourself away O, the overwhelming, never-ending, reckless love of God, yeah   There's no shadow You won't light up Mountain You won't climb up Coming after me There's no wall You won't kick down Lie You won't tear down Coming after me There's no shadow You won't light up Mountain You won't climb up Coming after me There's no wall You won't kick down Lie You won't tear down Coming after me There's no shadow You won't light up Mountain You won't climb up Coming after me There's no wall You won't kick down Lie You won't tear down Coming after me There's no shadow You won't light up Mountain You won't climb up Coming after me There's no wall You won't kick down Lie You won't tear down Coming after me   O, the overwhelming, never-ending, reckless love of God O, it chases me down, fights 'til I'm found, leaves the ninety-nine And I couldn't earn it, I don't deserve it, still, You give Yourself away O, the overwhelming, never-ending, reckless love of God, yeah"
one sonic society,Great Is Thy Faithfulness (Beginning to End) [feat. Mike Weaver]," Great is Thy faithfulness, O God my Father There is no shadow of turning with Thee Thou changest not, Thy compassions, they fail not As Thou hast been Thou forever wilt be   Summer and winter, and springtime and harvest Sun, moon and stars in their courses above Join with all nature in manifold witness To Thy great faithfulness, mercy and love   Beginning to end My life in your hands Great, great is Your Faithfulness You never let go This one thing I know Great, great is Your Faithfulness   Pardon for sin and a peace that endureth Thine own dear presence to cheer and to guide Strength for today and bright hope for tomorrow All Blessings are mine, with ten thousand beside   Beginning to end My life in your hands Great, great is Your Faithfulness You never let go This one thing I know Great, great is Your Faithfulness Beginning to end My life in your hands Great, great is Your Faithfulness You never let go This one thing I know Great, great is Your Faithfulness   Great is Thy faithfulness Great is Thy faithfulness Morning by morning, new mercies I see All I have needed thy hand has provided Great is Thy Faithfulness Lord unto me"
Elevation Worship,See A Victory," The weapon may be formed, but it won't prosper When the darkness falls, it won't prevail 'Cause the God I serve knows only how to triumph My God will never fail Oh, my God will never fail   I'm gonna see a victory I'm gonna see a victory For the battle belongs to You, Lord I'm gonna see a victory I'm gonna see a victory For the battle belongs to You, Lord   There's power in the mighty name of Jesus Every war He wages He will win I'm not backing down from any giant 'Cause I know how this story ends Yes, I know how this story ends   I'm gonna see a victory I'm gonna see a victory For the battle belongs to You, Lord I'm gonna see a victory I'm gonna see a victory For the battle belongs to You, Lord I'm gonna see a victory I'm gonna see a victory For the battle belongs to You, Lord I'm gonna see a victory I'm gonna see a victory For the battle belongs to You, Lord   You take what the enemy meant for evil And You turn it for good You turn it for good You take what the enemy meant for evil And You turn it for good You turn it for good You take what the enemy meant for evil And You turn it for good You turn it for good You take what the enemy meant for evil And You turn it for good You turn it for good You take what the enemy meant for evil And You turn it for good You turn it for good You take what the enemy meant for evil And You turn it for good You turn it for good   I'm gonna see a victory I'm gonna see a victory For the battle belongs to You, Lord I'm gonna see a victory I'm gonna see a victory For the battle belongs to You, Lord I'm gonna see a victory I'm gonna see a victory For the battle belongs to You, Lord I'm gonna see a victory I'm gonna see a victory For the battle belongs to You, Lord   You take what the enemy meant for evil And You turn it for good You turn it for good You take what the enemy meant for evil And You turn it for good You turn it for good"
Elevation Youth,Anchored to You,"   We've come alive in the light Of Your saving grace You saw our guilt, saw our shame And You took our place We will dance, we will sing 'Cause salvation's here   Jesus is here Jesus is here Jesus is here Jesus is here   You never let go, we've found our hope Anchored to You, anchored to You Jesus' love has paid it all We're anchored to You, Lord Anchored to You alone   We are caught like an anchor In Your embrace When we fall, You were there With unending grace   Jesus is here Jesus is here Jesus is here Jesus is here   You never let go, we've found our hope Anchored to You, anchored to You Jesus' love has paid it all We're anchored to You, Lord Anchored to You alone, woah     We see the walls tumble down As we bring You praise You've taken our sin away At the cross, where You died We have found our place Forever and ever We see the walls tumble down As we bring You praise You've taken our sin away At the cross, where You died We have found our place Forever and ever   You never let go, we've found our hope Anchored to You, anchored to You Jesus' love has paid it all We're anchored to You, Lord Anchored to You alone We've found our hope Anchored to You, anchored to You Jesus' love has paid it all We're anchored to You, Lord Anchored to You alone, woah   We're anchored to You alone, woah We're anchored to You alone!"
Elevation Youth,New Start (Live)," Wandering and all alone, my heart was lost In need of a new direction But Love came and picked me up, out of the dust And gave me a new beginning   The old has gone, the new has come My dark is light, the chains are now gone Never looking back, Your grace has won my heart   You've given me a new start, taken all the old Jesus, You're the hope that's burning in my soul Forever we are free now living in Your love You gave me a new start, created a new heart You're never letting go, oh, woah-oh-oh-ooh You're never letting go, oh, woah-oh-oh-ooh You're never letting go, oh, woah-oh-oh-ooh You're never letting go!   There's a fire running in my bones, Your Spirit's alive He's given me new direction Now everything I have is Yours Take my life and make me a new creation   The old has gone, the new has come My dark is light, the chains are now gone Never looking back, Your grace has won my heart   You've given me a new start, taken all the old Jesus, You're the hope that's burning in my soul Forever we are free now living in Your love You gave me a new start, created a new heart You're never letting go, oh, woah-oh-oh-ooh You're never letting go, oh, woah-oh-oh-ooh You're never letting go, oh, woah-oh-oh-ooh You're never letting go!     The old has gone, the new has come My dark is light, the chains are now gone Never looking back, Your grace has won my heart The old has gone, the new has come My dark is light, the chains are now gone Never looking back, Your grace has won my heart!   You've given me a new start, taken all the old Jesus, You're the hope that's burning in my soul Forever we are free now, living in Your love You gave me a new start, created a new heart You're never letting go, oh, woah-oh-oh-ooh You're never letting go, oh, woah-oh-oh-ooh You're never letting go, oh, woah-oh-oh-ooh You're never letting go!"
Hillsong Young & Free,This Is Living ," Waking up knowing there's a reason All my dreams come alive Life is for living with You I've made my decision   You lift me up, fill my eyes with wonder Forever young in Your love This freedom's untainted with You No moment is wasted   See the sun now bursting through the clouds Black and white turns to colour all around All is new, in the Saviour, I am found This is living now This is living now   You lead the way, God, You're right beside me In Your love I'm complete There's nothing like living with You This life You created I choose   See the sun now bursting through the clouds Black and white turn to colour all around All is new, in the Saviour, I am found This is living now This is living now   You take me higher than I've been before It's Your perfect love that sees me soar God, Your freedom is an open door You are everything I want and more   Maybe I ain't really know what livin' is  Is it love, if it was, am I livin' it?  Do I live in it?  So astounding Love is an ocean, you can drown me The sweet embrace, the lovely taste I taste, and see I'm under grace, the place to be  It means I don't ever need an umbrella I'm cool in the cold and the hot weather Whether or never I ever Understand I'm a man in the hands of great plans I stand with faith in a life I never known or touched, it's still outside my clutch but I'm like, what's to dream of? What's to hope in? What's to die for? Live to no end? This is living The life I've been given's a gift If I'ma live it, I'ma live it to death So, what's to dream of? What's to hope in? What's to die for? And live to no end? This is living The life I've been given's a gift If I'ma live it, I'ma live it to death, yeah!   This is living now This is living now   You take me higher than I've been before It's Your perfect love that sees me soar God, Your freedom is an open door You are everything I want and more"
Bethel Music,Goodness of God (Live)," I love You, Lord For Your mercy never failed me All my days, I've been held in Your hands From the moment that I wake up Until I lay my head Oh, I will sing of the goodness of God   And all my life You have been faithful And all my life You have been so, so good With every breath that I am able Oh, I will sing of the goodness of God   I love Your voice You have led me through the fire And in darkest night You are close like no other I've known You as a Father I've known You as a Friend And I have lived in the goodness of God, yeah!   And all my life You have been faithful, ohh And all my life You have been so, so good With every breath that I am able Oh, I will sing of the goodness of God, yeah!   'Cause Your goodness is running after, it's running after me Your goodness is running after, it's running after me With my life laid down, I'm surrendered now I give You everything 'Cause Your goodness is running after, it's running after me, oh-ohh 'Cause Your goodness is running after, it's running after me Your goodness is running after, it's running after me With my life laid down, I'm surrendered now I give You everything 'Cause Your goodness is running after, it keeps running after me   And all my life You have been faithful And all my life You have been so, so good With every breath that I am able Oh, I'm gonna sing of the goodness of God I'm gonna sing, I'm gonna sing 'Cause all my life You have been faithful And all my life You have been so, so good With every breath that I am able Oh, I'm gonna sing of the goodness of God Oh, I'm gonna sing of the goodness of God"
Hillsong UNITED,Another In The Fire , There’s a grace when the heart is under fire Another way when the walls are closing in And when I look at the space between Where I used to be and this reckoning I know I will never be alone   There was another in the fire Standing next to me There was another in the waters Holding back the seas And should I ever need reminding Of how I've been set free There is a cross that bears the burden Where another died for me   There is another in the fire   All my debt left for dead beneath the waters I’m no longer a slave to my sin anymore And should I fall in the space between What remains of me and this reckoning Either way I won’t bow To the things of this world And I know I will never be alone   There is another in the fire Standing next to me There is another in the waters Holding back the seas And should I ever need reminding What power set me free There is a grave that holds no body And now that power lives in me   There is another in the fire There is another in the fire There is another in the fire There is another in the fire   I can see the light in the darkness As the darkness bows to Him I can hear the roar in the heavens As the space between wears thin I can feel the ground shake beneath us As the prison walls cave in Nothing stands between us Nothing stands between us   There is no other name But the Name that is Jesus He who was and still is And will be through it all So come what may in the space between All the things unseen and this reckoning I know I will never be alone   There'll be another in the fire Standing next to me There'll be another in the waters Holding back the seas And should I ever need reminding How good You've been to me I'll count the joy come every battle 'Cause I know that's where You'll be   I can see the light in the darkness As the darkness bows to Him I can hear the roar in the heavens As the space between wears thin I can feel the ground shake beneath us As the prison walls cave in Nothing stands between us Nothing stands between us  I can see the light in the darkness As the darkness bows to Him I can hear the roar in the heavens As the space between wears thin I can feel the ground shake beneath us As the prison walls cave in Nothing stands between us   There'll be another in the fire Standing next to me There'll be another in the waters Holding back the seas And should I ever need reminding How good You've been to me I'll count the joy come every battle 'Cause I know that's where You'll be I'll count the joy come every battle 'Cause I know that's where You'll be I'll count the joy come every battle 'Cause I know that's where You'll be I'll count the joy come every battle 'Cause I know that's where You'll be I'll count the joy come every battle 'Cause I know that's where You'll be
Hillsong Worship,God Is Able ,   God is able He will never fail He is Almighty God Greater than all we seek Greater than all we ask He has done great things   Lifted up He defeated the grave Raised to life Our God is able In His name We overcome For the Lord Our God is able   God is with us God is on our side He will make a way Far above all we know Far above all we hope He has done great things   Lifted up He defeated the grave Raised to life Our God is able In His name We overcome For the Lord Our God is able   God is with us He will go before He will never leave us He will never leave us God is for us He has open arms He will never fail us He will never fail us   Lifted up He defeated the grave Raised to life Our God is able In His name We overcome For the Lord Our God is able  Lifted up He defeated the grave Raised to life Our God is able In His name We overcome For the Lord Our God is able   For the Lord Our God is able For the Lord Our God is able
Passion,In Christ Alone ," In Christ alone my hope is found He is my light, my strength, my song This cornerstone, this solid ground Firm through the fiercest drought and storm What heights of love, what depths of peace When fears are stilled, when strivings cease My comforter, my all in all Here in the love of Christ I stand   Oh-oh-oh-oh-oh-oh-oh-oh-oh Oh-oh-oh-oh-oh-oh-oh-oh-oh Oh-oh-oh-oh-oh-oh-oh-oh-oh Oh-oh-oh-oh-oh-oh-oh-oh-oh   There in the ground His body lay Light of the world by darkness slain Then bursting forth in glorious day Up from the grave He rose again And as He stands in victory Sin’s curse has lost its grip on me For I am His and He is mine Bought with the precious blood of Christ   Oh-oh-oh-oh-oh-oh-oh-oh-oh Oh-oh-oh-oh-oh-oh-oh-oh-oh Oh-oh-oh-oh-oh-oh-oh-oh-oh Oh-oh-oh-oh-oh-oh-oh-oh-oh   No guilt in life, no fear in death This is the power of Christ in me From life’s first cry to final breath Jesus commands my destiny No power of hell, no scheme of man Can ever pluck me from His hand Til He returns or calls me home Here in the power of Christ I’ll stand   Oh-oh-oh-oh-oh-oh-oh-oh-oh Oh-oh-oh-oh-oh-oh-oh-oh-oh In Christ aloh-oh-oh-oh-oh-oh-ohne Oh-oh-oh-oh-oh-oh-oh-oh-oh   I find my strength, I find my hope I find my help in Christ alone When fear assails, when darkness falls I find my peace in Christ alone I give my life, I give my all I sing this song to Christ alone The King of kings, the Lord I love All heaven signs to Christ alone To Christ alone, to Christ alone   Till He returns or calls me home Here in the power of Christ I’ll stand Here in the power of Christ we stand"
Hillsong Young & Free,Wake ," At break of day, in hope we rise We speak Your Name, we lift our eyes Tune our hearts into Your beat Where we walk, there You'll be   With fire in our eyes, our lives a-light Your love untamed, it's blazing out The streets will glow forever bright Your glory's breaking through the night   You will never fade away, Your love is here to stay By my side, in my life, shining through me everyday You will never fade away, Your love is here to stay By my side, in my life, shining through me everyday   You wake within me, wake within me You're in my heart forever You wake within me, wake within me You're in my heart forever   With fire in our eyes, our lives a-light Your love untamed, it's blazing out The streets will glow forever bright Your glory's breaking through the night   You will never fade away, Your love is here to stay By my side, in my life, shining through me everyday You will never fade away, Your love is here to stay By my side, in my life, shining through me everyday   You wake within me, wake within me You're in my heart forever You wake within me, wake within me You're in my heart forever   Forever, forever, forever in Your love Forever, forever, forever in Your love Forever, forever, forever in Your love Forever, forever, we know that...   You will never fade away, Your love is here to stay By my side, in my life, shining through me everyday You will never fade away, Your love is here to stay By my side, in my life, shining through me everyday   You wake within me, wake within me You're in my heart forever You wake within me, wake within me You're in my heart forever"
Planetshakers,Joy ,"Is anybody gonna enjoy the Lord tonight? Sing whoa, , whoa,  Whoa, whoa You turned it all around Where I was hurting now I’m rejoicing Your love I found And I have joy ooohooh  You took away my pain You turned my mourning into dancing I can smile again ‘cause I have joy  Let the celebration begin Make a joyful noise unto Him Come on everybody Let's give Him praise for He is good  You have given me a joy that won't stop And will never leave, so I will praise You with gladness For You are good  You took away my pain You turned my mourning into dancing I can smile again ‘cause I have joy  Let the celebration begin Make a joyful noise unto Him Come on everybody Let's give Him praise for He is good  You have given me a joy that won't stop And will never leave, so I will praise You with gladness For You are good  You have given me a joy that won't stop And will never leave, so I will praise You with gladness For You are good  You've turned my sadness into gladness You've turned my sorrow into joy Now I'm singing and I'm dancing And I will shout for joy  You've turned my sadness into gladness You've turned my sorrow into joy Now I'm singing and I'm dancing And I will shout for joy  You've turned my sadness into gladness You've turned my sorrow into joy Now I'm singing and I'm dancing And I will shout for joy  You have given me a joy that won't stop And will never leave, so I will praise You with gladness For You are good  You have given me a joy that won't stop And will never leave, so I will praise You with gladness For You are good For You are good For You are good He is good"
Hillsong Worship,King Of Kings ," In the darkness we were waiting Without hope, without light Till from heaven You came running There was mercy in Your eyes To fulfill the law and prophets To a virgin came the word From a throne of endless glory To a cradle in the dirt   Praise the Father, praise the Son Praise the Spirit, three in one God of glory, Majesty Praise forever to the King of Kings   To reveal the kingdom coming And to reconcile the lost To redeem the whole creation You did not despise the cross For even in your suffering You saw to the other side Knowing this was our salvation Jesus for our sake you died   Praise the Father, praise the Son Praise the Spirit, three in one God of glory, Majesty Praise forever to the King of Kings   And the morning that You rose All of heaven held its breath Till that stone was moved for good For the Lamb had conquered death And the dead rose from their tombs And the angels stood in awe For the souls of all who'd come To the Father are restored   And the church of Christ was born Then the Spirit lit the flame Now this gospel truth of old Shall not kneel, shall not faint By His blood and in His name In His freedom I am free For the love of Jesus Christ Who has resurrected me   Praise the Father, praise the Son Praise the Spirit, three in one God of glory, Majesty Praise forever to the King of Kings   Praise forever to the King of Kings"
Passion,Build My Life ," Worthy of every song we could ever sing Worthy of all the praise we could ever bring Worthy of every breath we could ever breathe We live for You   Jesus, the name above every other name Jesus, the only one who could ever save Worthy of every breath we could ever breathe We live for You   Holy, there is no one like You There is none beside You Open up my eyes in wonder Show me who You are And fill me with Your heart And lead me in Your love to those around me   Worthy of every song we could ever sing Worthy of all the praise we could ever bring Worthy of every breath we could ever breathe We live for You   Jesus, the name above every other name Jesus, the only one who could ever save Worthy of every breath we could ever breathe We live for You   Holy, there is no one like You There is none beside You Open up my eyes in wonder Show me who You are And fill me with Your heart And lead me in Your love to those around me Holy, there is no one like You There is none beside You Open up my eyes in wonder Show me who You are And fill me with Your heart And lead me in Your love to those around me   I will build my life upon Your love It is a firm foundation I will put my trust in You alone And I will not be shaken I will build my life upon Your love It is a firm foundation I will put my trust in You alone And I will not be shaken   Holy, there is no one like You There is none beside You Open up my eyes in wonder Show me who You are And fill me with Your heart And lead me in Your love to those around me Holy, there is no one like You There is none beside You Open up my eyes in wonder Show me who You are And fill me with Your heart And lead me in Your love to those around me   I will build my life upon Your love It is a firm foundation I will put my trust in You alone And I will not be shaken"
Hillsong UNITED,You , Left my fear by the side of the road Hear You speak Won't let go Fall to my knees as I lift my hands to pray Got every reason to be here again Father's love that draws me in And all my eyes wanna see is a glimpse of You   All I need is You All I need is You Lord Is You Lord All I need is You All I need is You Lord Is You Lord   One more day and it's not the same Your Spirit calls my heart to sing Drawn to the voice of my Saviour once again Where would my soul be without Your Son Gave His life to save the earth Rest in the thought that You're watching over me   All I need is You All I need is You Lord Is You Lord All I need is You All I need is You Lord Is You Lord All I need is You All I need is You Lord Is You Lord All I need is You All I need is You Lord Is You Lord  Cuz all I need is You All I need is you Cuz all I need is You All I need is you   All I need is You All I need is You Lord Is You Lord All I need is You All I need is You Lord Is You Lord All I need is You All I need is You Lord Is You Lord All I need is You All I need is You Lord Is You Lord   You hold the universe You hold everyone on earth You hold the universe You hold You hold You hold the universe You hold everyone on earth You hold the universe You hold You hold You hold the universe You hold everyone on earth You hold the universe You hold You hold    All I need is You All I need is You Lord Is You Lord All I need is You All I need is You Lord Is You Lord All I need is You All I need is You Lord Is You Lord All I need is You All I need is You Lord Is You Lord All I need is You All I need is You Lord Is You Lord All I need is You All I need is You Lord Is You Lord All I need is You All I need is You Lord Is You Lord All I need is You All I need is You Lord Is You Lord All I need is You All I need is You Lord Is You Lord All I need is You All I need is You Lord Is You Lord All I need is You All I need is You Lord Is You Lord All I need is You All I need is You Lord Is You Lord
Passion,"God, Youre So Good "," Amazing love That welcomes me The kindness of mercy That bought with blood, wholeheartedly My soul undeserving   God, You're so good God, You're so good God, You're so good You're so good to me   Behold the cross Age to age And hour by hour The dead are raised, the sinner saved The work of Your power   God, You're so good God, You're so good God, You're so good You're so good to me God, You're so good God, You're so good God, You're so good You're so good to me   I am blessed, I am called I am healed, I am whole I am saved in Jesus' name Highly favored, anointed Filled with Your power For the glory of Jesus’ name  I am blessed, I am called I am healed, I am whole I am saved in Jesus' name Highly favored, anointed Filled with Your power For the glory of Jesus’ name   And should this life Bring suffering Lord, I will remember What Calvary has bought for me Both now and forever   God, You're so good God, You're so good God, You're so good You're so good to me  God, You're so good God, You're so good God, You're so good You're so good to me  God, You're so good God, You're so good God, You're so good You're so good to me  God, You're so good God, You're so good God, You're so good You're so good to me   I am blessed, I am called I am healed, I am whole I am saved in Jesus' name Highly favored, anointed Filled with Your power For the glory of Jesus’ name   God, You're so good God, You're so good God, You're so good You're so good to me"
Elevation Worship,Do It Again," Walking around these walls I thought by now they'd fall But You have never failed me yet Waiting for change to come Knowing the battle's won For You have never failed me yet   Your promise still stands Great is Your faithfulness, faithfulness I'm still in Your hands This is my confidence, You've never failed me yet   I know the night won't last Your Word will come to pass My heart will sing Your praise again Jesus, You're still enough Keep me within Your love My heart will sing Your praise again   Your promise still stands Great is Your faithfulness, faithfulness I'm still in Your hands This is my confidence, You've never failed Your promise still stands Great is Your faithfulness, faithfulness I'm still in Your hands This is my confidence, You've never failed me yet   I've seen You move, You move the mountains And I believe, I'll see You do it again You made a way, where there was no way And I believe, I'll see You do it again I've seen You move, You move the mountains And I believe, I'll see You do it again You made a way, where there was no way And I believe, I'll see You do it again I've seen You move, You move the mountains And I believe, I'll see You do it again You made a way, where there was no way And I believe, I'll see You do it again I'll see You do it again   Your promise still stands Great is Your faithfulness, faithfulness I'm still in Your hands This is my confidence, You've never failed Your promise still stands Great is Your faithfulness, faithfulness I'm still in Your hands This is my confidence, You've never failed me yet   Oh, You've never failed me yet And I never will forget You've never failed me yet And I never will forget"
Hillsong Young & Free,Alive ," I was lost with a broken heart You picked me up, now I'm set apart From the ash, I am born again Forever safe in the Saviour's hands You are more than my words could say I'll follow You Lord for all my days I'll fix my eyes, follow in Your ways Forever free in unending grace   'Cause You are, You are, You are my freedom We lift You higher, lift You higher Your love, Your love, Your love never ending Oh oh oh   You are alive in us Nothing can take Your place You are all we need Your love has set us free   In the midst of the darkest night Let Your love be the shining light Breaking chains that were holding me You sent Your Son down and set me free Everything of this world will fade I'm pressing on till I see Your face I will live that Your will be done I won't stop till Your Kingdom come   'Cause You are, You are, You are my freedom We lift You higher, lift You higher Your love, Your love, Your love never ending Oh oh oh   You are alive in us Nothing can take Your place You are all we need Your love has set us free   'Cause You are, You are, You are my freedom We lift You higher 'Cause You are, You are, You are my freedom We lift You higher, lift You higher Your love, Your love, Your love never ending Oh oh oh   You are alive in us Nothing can take Your place You are all we need Your love has set us free You are alive in us Nothing can take Your place You are all we need Your love has set us free"
Hillsong UNITED,Take It All ," De todo lugar los perdidos vendrán En libertad a ti clamarán Triunfaste en la cruz, por esto hoy vivo estás Mi Dios, a ti mi vida te daré   Enviaste a Jesús por mi salvación Por la eternidad en ti tengo perdón Busqué la verdad y te encontré a ti Mi Dios, a ti mi vida te daré   Jesús, por ti yo viviré De ti nunca me avergonzaré Te doy todo lo que soy Toma, tómalo, toma, tómalo   Enviaste a Jesús por mi salvación Por la eternidad en ti tengo perdón Busqué la verdad y te encontré a ti Mi Dios, a ti mi vida te daré   Jesús, por ti yo viviré De ti nunca me avergonzaré Te doy todo lo que soy Toma, tómalo, toma, tómalo  Jesús, por ti yo viviré De ti nunca me avergonzaré Te doy todo lo que soy Toma, tómalo, toma, tómalo   Eres el que vista al ciego das Brillas en la oscuridad La salvación del mundo en tus manos está  Eres el que vista al ciego das Brillas en la oscuridad La salvación del mundo en tus manos está   Jesús, por ti yo viviré De ti nunca me avergonzaré Te doy todo lo que soy Toma, tómalo, toma, tómalo  Jesús, por ti yo viviré De ti nunca me avergonzaré Te doy todo lo que soy Toma, tómalo, toma, tómalo  Jesús, por ti yo viviré De ti nunca me avergonzaré Te doy todo lo que soy Toma, tómalo, toma Tómalo, toma, tómalo"
Planetshakers,Turn It Up ,"You are here as we lift You up You are riding on our praise Be enthroned over everything You are seated in our praise  This is prophetic, I can feel it in the air We lift our praise and You change the atmosphere With hearts open now Everybody singing out, whoa  Turn it up, this sound of praise Make it louder than any other Lift Him up and shout His name over all  As we praise well I can feel the change As Your presence now invades Hear the sound of the broken chains Prison doors are giving way  This is prophetic, I can feel it in the air We lift our praise and You change the atmosphere With hearts open now Everybody singing out, I am free  Turn it up, this sound of praise Make it louder than any other Lift Him up and shout His name over all Turn it up, this sound of praise Make it louder than any other Lift Him up and shout His name over all  Our praise goes up Your rain comes down Our praise goes up Your rain comes down Our praise goes up Your rain comes down Our praise goes up Your rain comes down  With shouts of praise we celebrate King of glory, enter in You are riding on our praise, O Lord  Turn it up, this sound of praise Make it louder than any other Lift Him up and shout His name over all Turn it up, this sound of praise Make it louder than any other Lift Him up and shout His name over all"
Planetshakers,Sing It Again ,"Let it begin, our freedom celebration We'll dance and sing There's a Holy Ghost party that never stops  Arise, in Your praise my soul delights Shine, my dance anthem is Your love  Sing it again, our God reigns We lift our praise unto Your name again All ‘round the world we'll sing Sing it again, our God reigns He taught our dead hearts how to beat again All ‘round the world we'll sing  Around the world, join in the celebration Let it be heard There's a Holy Ghost party that never stops  Arise, in Your praise my soul delights Shine, my dance anthem is Your love  Sing it again, our God reigns We lift our praise unto Your name again All ‘round the world we'll sing Sing it again, our God reigns He taught our dead hearts how to beat again All ‘round the world we'll sing  Every tribe and nation Come and join the celebration Every heart and generation Sing let it begin, let it begin  Every tribe and nation Come and join the celebration Every heart and generation Sing let it begin, let it begin  Sing it again, our God reigns We lift our praise unto Your name again All ‘round the world we'll sing Sing it again, our God reigns He taught our dead hearts how to beat again All ‘round the world we'll sing"
Passion,How Great Is Your Love ," From the darkness I called Your name Into darkness Your mercy came You called me out Lifted me up How great is Your love   You bore my weakness You took my shame Buried my burdens In fields of grace You called me out Lifted me up How great is Your love   From the heights of heaven You stepped down to earth Innocent perfection Gave Your life for us We are amazed We stand in awe For we have been changed By the power of the cross   How great, how great How great is Your love How great, how great How great is Your love How great, how great How great is Your love for us   In Your kindness You lead me home In Your presence Where I belong You called me out Lifted me up How great is Your love   From the heights of heaven You stepped down to earth Innocent perfection Gave Your life for us We are amazed We stand in awe For we have been changed By the power of the cross   How great, how great How great is Your love How great, how great How great is Your love How great, how great How great is Your love for us   There has never been There will never be A God like You A love so true     How great, how great How great is Your love How great, how great How great is Your love How great, how great How great is Your love for us "
North Point Worship,Death Was Arrested," Alone in my sorrow and dead in my sin Lost without hope with no place to begin Your love made a way to let mercy come in When death was arrested and my life began   Ash was redeemed only beauty remains My orphan heart was given a name My mourning grew quiet, my feet rose to dance When death was arrested and my life began   Oh, Your grace so free, washes over me You have made me new, now life begins with You It's Your endless love, pouring down on us You have made us new, now life begins with You   Released from my chains, I'm a prisoner no more My shame was a ransom He faithfully bore He cancelled my debt and He called me His friend When death was arrested and my life began   Oh, Your grace so free, washes over me You have made me new, now life begins with You It's Your endless love, pouring down on us You have made us new, now life begins with You   Our Savior displayed on a criminal's cross Darkness rejoiced as though heaven had lost But then Jesus arose with our freedom in hand That's when death was arrested and my life began That's when death was arrested and my life began   Oh, Your grace so free, washes over me You have made me new, now life begins with You It's Your endless love, pouring down on us You have made us new, now life begins with You   Oh, we're free, free, forever we're free Come join the song of all the redeemed Yes, we're free, free, forever amen When death was arrested and my life began Oh, we're free, free, forever we're free Come join the song of all the redeemed Yes, we're free, free, forever amen When death was arrested and my life began   When death was arrested and my life began That's when death was arrested and my life began"
Matt Redman,We Are The Free ,"  We’re the forgiven, singing redemption's song There's a fire that burns inside A fire that burns inside Nothing can stop us We’ll be running through the night With a fire that burns inside A fire that burns inside  We are the free, the freedom generation Singing of mercy You are the One who set us all in motion Yours is the glory There’s a fire in our hearts and it burns for You It’s never gonna fade away We are the free, and Yours is the glory    We are the risen, living alive in You And our passion will not die No, our passion will not die Nothing can stop us We’ll be running through the night And our passion will not die No, our passion will not die  We are the free, the freedom generation Singing of mercy You are the One who set us all in motion Yours is the glory There’s a fire in our hearts and it burns for You It’s never gonna fade away We are the free, and Yours is the glory  Yours is the glory  Up from the grave He rose again Up from the grave He rose and we will Rise up, rise up Into the world that You so love Into the world we go and we will Rise up, rise up  We are the free, the freedom generation Singing of mercy You are the One who set us all in motion Yours is the glory   We are the free, the freedom generation Singing of mercy You are the One who set us all in motion Yours is the glory There’s a fire in our hearts and it burns for You It’s never gonna fade away There’s a fire in our hearts and it burns for You It’s never gonna fade away We are the free, and Yours is the glory  Yours is the glory Yours is the glory Yours is the glory"
Chris Tomlin,Crown Him (Majesty)," Crown him with many crowns The lamb upon His throne Hark! How the heavenly anthem drowns All music but its own; Awake my soul and sing Of Him who died for me And hail him as thy matchless king Through all eternity   Majesty, Lord of all Let every throne before Him fall The King of kings, O come adore Our God who reigns forevermore   Crown Him Lord of life Who triumphed o'er the grave And rose victorious in the strife For those He came to save; His glories now we sing Who died and rose on high Who died eternal life to bring And lives that death may die   Majesty, Lord of all Let every throne before Him fall The King of kings, O come adore Our God who reigns forevermore   All hail, Redeemer, hail For He has died for me His praise and glory shall not fail Throughout eternity   Majesty, Lord of all Let every throne before Him fall The King of kings, O come adore Our God who reigns forevermore"
Matt Redman,Dancing Generation ,"Your mercy taught us how to dance To celebrate with all we have And we'll dance to thank You for mercy  Your glory taught us how to shout To lift Your name in all the earth And we'll shout to the praise of Your glory  It's the overflow Of a forgiven soul And now we've seen You, God Our hearts cannot stay silent  And we'll be a dancing generation Dancing because of Your great mercy, Lord Your great mercy, Lord And we'll be a shouting generation Shouting because of Your great glory, Lord Your great glory, Lord  Your mercy taught us how to dance To celebrate with all we have And we'll dance to thank You for mercy  Your glory taught us how to shout To lift Your name in all the earth And we'll shout to the praise of Your glory  It's the overflow Of a forgiven soul And now we've seen You, God Our hearts cannot stay silent  And we'll be a dancing generation Dancing because of Your great mercy, Lord Your great mercy, Lord And we'll be a shouting generation Shouting because of Your great glory, Lord Your great glory, Lord  Spoken: Yes You're worthy You're worthy Everyone shout Oh We will be  Well, it's the overflow Of a forgiven soul And now we've seen You, God Our hearts cannot stay silent  And we'll be a dancing generation Dancing because of Your great mercy, Lord Your great mercy, Lord Yes, we'll be a shouting generation Shouting because of Your great glory, Lord Your great glory, Lord  Oh, we will be a dancing generation Dancing because of Your great mercy, Lord It's Your great mercy, Lord We will be a shouting generation Shouting because of Your great glory, Lord It's Your great glory, Lord  Oh"
